ESPN,On3,24/7,Rivals
Cooper Flagg,Cooper Flagg,Cooper Flagg,Cooper Flagg
Airious Bailey,Airious Bailey,Airious Bailey,Airious Bailey
Dylan Harper,Dylan Harper,Dylan Harper,Dylan Harper
VJ Edgecombe,VJ Edgecombe,VJ Edgecombe,Tre Johnson
Tre Johnson,Tre Johnson,Tre Johnson,VJ Edgecombe
Jalil Bethea,Jalil Bethea,Jalil Bethea,Flory Bidunga
Isaiah Evans,Jayden Quaintance,Jayden Quaintance,Jalil Bethea
Derrion Reid,Ian Jackson,Ian Jackson,Drake Powell
Flory Bidunga,Asa Newell,Drake Powell,Ian Jackson
Derik Queen,Flory Bidunga,Flory Bidunga,Boogie Fland
Liam McNeeley,Derrion Reid,Isaiah Evans,Jayden Quaintance
Asa Newell,Drake Powell,Derik Queen,Kon Knueppel
Drake Powell,Isaiah Evans,Asa Newell,Liam McNeeley
Jayden Quaintance,Liam McNeeley,Derrion Reid,Karter Knox
Boogie Fland,Derik Queen,Liam McNeeley,Derik Queen
Ian Jackson,Bryson Tucker,Kon Knueppel,Asa Newell
Bryson Tucker,Kon Knueppel,Patrick Ngongba,Isaiah Evans
Patrick Ngongba,Boogie Fland,Carter Bryant,Aiden Sherrell
Donavan Freeman,Karter Knox,Karter Knox,Bryson Tucker
Carter Bryant,Donavan Freeman,Billy Richmond,Billy Richmond
Aiden Sherrell,Carter Bryant,Donavan Freeman,Tahaad Pettiford
Kon Knueppel,Billy Richmond,Tahaad Pettiford,Derrion Reid
Jase Richardson,Patrick Ngongba,Rob Wright,Jason Asemota
Karter Knox,Tahaad Pettiford,Boogie Fland,Robert Wright III
Robert Wright III,Aiden Sherrell,Annor Boateng,Patrick Ngongba
Trent Perry,Rob Wright,Bryson Tucker,Annor Boateng
Tahaad Pettiford,Annor Boateng,Morez Johnson,Tyler Betsey
Morez Johnson,Khani Rooths,Aiden Sherrell,Zoom Diallo
Zoom Diallo,Morez Johnson,Ahmad Nowell,Morez Johnson
Labaron Philon,Jase Richardson,Labaron Philon,Cameron Scott
Ahmad Nowell,Labaron Philon,Jase Richardson,Carter Bryant
Cameron Scott,Zoom Diallo,Kanon Catchings,Kanon Catchings
Khani Rooths,Cameron Scott,Zoom Diallo,Khani Rooths
Jamari Phillips,Kanon Catchings,Khani Rooths,Isaiah Elohim
Annor Boateng,Ahmad Nowell,Jamari Phillips,Jackson Mcandrew
Rakease Passmore,Jackson McAndrew,Jackson McAndrew,Ahmad Nowell
Darren Harris,Jamari Phillips,John Bol,Jamari Phillips
John Bol,Jason Asemota,Sir Mohammed,Damarius Owens
Billy Richmond,Trent Perry,Tyler Betsey,Jase Richardson
John Mobley,Somto Cyril,John Mobley,Labaron Philon
Vyctorius Miller,Thomas Sorber,Naasir Cunningham,Nicolas Codie
David Castillo,Tyler Betsey,Thomas Sorber,David Castillo
Austin Swartz,Austin Swartz,Isaiah Elohim,Kur Teng
Jason Asemota,Isaiah Elohim,Somto Cyril,Somto Cyril
Kanon Catchings,Rakease Passmore,Jason Asemota,Austin Swartz
Somto Cyril,John Mobley,David Castillo,Jalen Shelley
Jalen Shelley,Kur Teng,Kur Teng,Naasir Cunningham
Amier Ali,John Bol,Rakease Passmore,Vyctorius Miller
Naasir Cunningham,Naasir Cunningham,Darren Harris,Rakease Passmore
Kur Teng,David Castillo,Trent Perry,John Mobley
